Greek mythology;Roman mythology;The New Testament;The Old Testament;Saints;Historical figures;Occupation;Occupation + Nationality;Nationality;Women of different countries;Personification;Animals;Other
Achaemenides;Abundance;Aeneas;Aaron;Parisian matron;Abraham Bloemaert;Advocate;Apulian shepherd;African;Algerian woman;Air;Corvinus;Black boy
Achelous;Abundatia;Agrippa;Abdon;S Diego d'Alcalà;Abraham Ortelius;Augustinian monk;Assyrian army;Amorites;Belgian woman;Arithmetic;Cygnus;Black man
Achilles;Acestes;Ananias;Abel;San Diego;Admiral Egbert Meeusz Kortenaer;Bellows maker;Babylonian soldiers;Arab man;Bohemian noblewoman;Astrology;Hare (Lepus);Drinkers
Acis;Acis;Angel of the Annunciation;Abigail;Santa Giustina of Padua;Admiral Mendoza;Benedictine monk;Bishop of Liege;Assyrians;Danish woman;Astronomia;Partridge;ancestors
Actaeon;Aeneas;Anna;Abimelech;St Agatha;Ahmed I;Book binder;Cumaean Sibyl;Carthaginians;Dutch woman;Autumn;Pigritia;animal
Adonis;Amata;Annas;Abiram;St Agnes;Albert, Archduke of Austria;Book printer;Cumaen Sibyl;Cathaginians;English country woman;Castigatio (Correction);ants;baby
Aeacus;Amor (love);Aquila;Abraham;St Albert;Albrecht Dürer;Brewer;Daoist master;Corsican man;English gentlewoman;Charitas;ass;beggar
Aegeus;Apollo R;Augustus;Absalom;St Ambrose;Alessandro Farnese;Brush maker;Egyptian army;Egyptians;English lady;Charitas (Charity);bat;black woman
Aegisthus;Aquilo;Balthazar;Achan;St Anastasius;Alessandro Vittoria;Cabinet maker;Egyptian troops;Ethiopians;English noble gentlewoman;Chastity;bear;boor
Aeneas;Argus Panoptes;Caiaphas;Achior;St Anthony;Alexander Roelants;Cannon maker;English naval attack;Florentine noble couple;English noble woman;Christian religion;bees;boy
Aeolus;Ascanius;Caspar;Adah;St Anthony the Great;Alexander-Balthazar Roelants;Carthusian monk;English troops;Franciscan;French country woman;Church;beetle;brother
Aesacus;Aunus;Casper;Adam;St Antony;Amerigo Vespucci;Chair maker;Erythraean Sibyl;Greeks;French lady;Cognition;bird;bystanders
Aeson;Aurora;Chaereas;Adonijah;St Antony of Padua;Andrea del Sarto;Chandler;French army;Hebrews;French woman;Confessio (Confession);boar;card player
Agamemnon;Bacchus;Christ;Adoram;St Apollonia;Andreas Vesalius;Chief Captain;French generals;Hungarians;Greek woman;Crastion;buffalos;child
Agamennon;Bacchus' followers;Cornelius;Ahasuerus;St Augustine;Anne of Austria;Christian priest;French troops;Indians;Hungarian woman;Cunning;bull;citizen
Aglauros;Cacus;Dionysius;Ahijah;St Barbara;Anne of Denmark;Cistercian monk;Greek soldiers;Israelites;Indian girl;Death;butterfly;companion
Ajax;Camilla;Elymas;Alexander the Great;St Begga;Anne of England;Clock maker;Hun army;Italian;Irish woman;Dialectica;calf;couple
Alcinous;Ceres;Ethiopian eunuch;Amalekites;St Bernard;Anthony Ashley Cooper, first Earl of Shaftesbury;Comb maker;Israelite army;Jewish;Mestizo woman;Dies (Day);camel;crowd
Alcmene;Cloelia;Eutychus;Aman;St Bernardino;Anthony Shirley;Commander;Italian artist;Jews;Moorish woman;Discord;cammel;customer
Alcyone;Concordia;Evangelists;Ammonites;St Bonaventure;Anthony van Dyck;Coniuror;Ithacan rebels;Moor;Native American woman;Earth;caravan;dancers
Alecto;Corona;Festus;Amos;St Bruno;Antiouchus;Copper founder;Jewish church elders;Native American;Persian woman;Ecclesia;cat;daughter
Alpheus;Cupid;Glory;Antiochus;St Catherine of Alexandria;Antonin Dreux d'Aubray;Corydon;Jewish protector;Ombites;Philistine woman;Ecclesia Christi;cattle;family
Althaea;Cybele;Good Samaritan;Asher;St Catherine of Siena;Antoon Triest;Crossbowman;King of Jericho;Oriental;Portuguese woman;Fame;chameleon;father
Amalthea;Diana;Herod;Athaliah;St Cecilia;Apollophanes;Cutler;King of the Midianites;Ottomans;Scottich woman;Fates;cheetah;female
Amazons;Diana (Diana of Versailles);Herod Antipas;Avarice;St Celestine;Archduke Leopold Wilhelm of Austria;Diamond grinder;Libyan Sibyl;Peasants of Lycia;Spanish lady;Fire;chicken;figure
Amphitrite;Dido;Herod's soldiers;Balaam;St Christopher;Aristotle;Dominican monk;Ottoman army;Philistine men;Spanish noblewoman;Fortitude;cicada;fisherman
Amphitryon;Euryalus;Herodes;Balak, the King of Moab;St Clare;Arsames;Duke;Ottoman army chiefs;Portuguese nobleman;Swedish coutry woman;Fortune;cock;follower
Amymone;Fama;Herodias;Barak;St Diego;Artaxerxes II;Dyer;Ottoman forces;Romans;Swedish woman;France;cockerel;fool
Anaxarete;Fides (Faith);Holy Family;Bathsheba;St Dominic;Artaxerxes III;Embroiderer;Ottoman soldiers;Sardinian couple;Turkish woman;Genoa;cow;friend
Anchises;Flora;Judas Iscariot;Bel;St Dorothea;Artemisia;Exorcists;Persian enemy;Spanish man;Venetian ladies;Gentleness;crab;gentleman
Andraemon;Fury;Jude the Apostle;Belshazzar;St Elizabeth of Hungary;Ataxerxes I;Eyeglass maker;Persian sibyl;Syrians;Viennese woman;Geometria;crane;girl
Andromache;Gemini;King Herod;Benjamin;St Eustace;Augustin Wichmann;Female acrobat;Philistine soldier;Tartar;Women of Philippi;Geometry;crocodile;helper
Andromeda;Genius (or Fame);Lazarus;Bildad;St Francis;Baccio Bandinelli;Franciscan monk;Polish ambassador;Trojans;farmer woman from Lombardy;Grammar;crow;henchman
Anius;Hercules;Madonna;Blacksmith;St Francis Xavier;Bartholomeus Spranger;Franciscan monk Leo;Portuguese commander;Turks;gentlewoman of Antwerp;Grammatica;crustaceans;horseman
Antaeus;Hermaphroditus;Magi;Boaz;St Francis of Assisi;Baur;Gilbertine monk;Portuguese maiden;Venetians;gentlewoman of Brabant;Hearing;cub;human
Anticleia;Hersilia;Malchus;Cain;St Francis of Assisi (St Francis of Paola);Benedetto Varchi;Glass maker;Roman Prefect;couple from Naples;girl from Prague;Hell;cuckoo;husband
Antinous;Invidia;Maries;Cyrus;St George;Bernhard of Saxony-Weimar;Goatherd;Roman army;people of Rome;girl from Zurich;Heresy;deer;infant
Antiope;Janus;Martha;Dan;St Gregory;Bertram Ashburnham;Goldbeater;Roman jurisconsults;portuguese men;girl of Cologne;Hope;dog;infidel
Antiphates;Julia;Mary;Darius III;St Guillaume d'Aquitane;Black King;Grand Vizier;Roman officer;;lady of Cologne;Humility;dolphin;innocent
Aphrodite;Juno;Melchior;Dathan;St Helena;Bonaventura Peeters;Grocer;Roman officials;;lady of the English court;Hunger;donkey;invalid
Apollo G;Jupiter;Nero;Decalogue;St Ignatius;C. Abbegat;Hospitaliarian knight;Roman priest;;married woman of Cologne;Laud;dove;lady
Arachne;Justice;Nicodemus;Delilah;St Ignatius Loyola;Caius Cestius;Knight of the Garter;Roman soldier;;married woman of London;Law;dragonfly;male
Arcas;Latona;Pharisee;Dinah;St Irene;Camma;Knight of the Order;Roman warrior;;noblewoman from Brabant;Loquacity;duck;man
Ares;Lavinia;Pilate;Edna;St Jerome;Cao Zhi;Lantern maker;Samnite ambassadors;;religious woman of Antwerp;Melancholia;ducklings;monk
Arethusa;Liberalitas;Priscilla;Eglon;St John Lateran;Cardinal Albert, governor of the Spanish Netherlands;Linen bleacher;Sicilian farmer couple;;woman from Augsburg;Mocking;eagle;neighbours
Argos;Lucina;Proconsul Sergius;Ehud;St Juliana Falconieri;Cardinal Alessandro Farnese;Malabar boatman;Tatar soldiers;;woman from Bern;Music;elephant;onlooker
Argus;Lucretia;Salome;Eliezer;St Juliana of Nicomedia;Cardinal Franciotti;Mandarin;Turkish ambassadors;;woman from Dieppe;Old Testament;elk;parents
Ariadne;Luna;Samaritan;Elijah;St Justina of Padua;Carolus Clusius;Manufacturer;Turkish army;;woman from Frascati;Painting;falcons;passenger
Aristaeus;Mars;Samaritan woman;Eliphaz;St Katherine;Catherine Howard;Mint worker;Turkish prisoners;;woman from London;Painting (or Design);fish;peasant
Artemis;Mercury;Sanhedrin;Elisha;St Laurence;Catherine of Braganza;Mirror maker;Turkish soldiers;;woman from Nuremberg;Peace;flies;peasant boy
Ascalaphus;Mezentius;Sapphira;Elon;St Lawrence;Cato;Music instrument maker;Western army;;woman from Prague;Philosophy;flock;peasant couple
Ascanius;Minerva;Satan;Enoch;St Livier;Cato the Elder;Needle maker;Western cavalry;;woman from Strasbourg;Pleasure;foal;peasant girl
Asclepius;Mithras;Simon of Cyrene;Enosh;St Louis;Catullus;Norbertine monk;Western forces;;woman from Württemberg;Poenitentia (Penitence);fowl;peasant woman
Astyanax;Mors;Simon the Pharisee;Esau;St Margaret;Cecilia Metella;Oil maker;Western soldiers;;woman from Zurich;Poetry;fox;people
Atalanta;Neptune;Simon the magician;Esdras;St Margaret of Antioch;Chares of Lyndus;Paper maker;amorite kings;;woman of Antwerp;Pride;frog;putto
Athamas;Nisus;St Andrew;Esther;St Martin;Charles I;Pasty baker;archbishop of Toledo;;woman of Basel;Prudence;goat;relatives
Athena;Nox;St Anna;Eve;St Mary of Egypt;Charles I as Prince of Wales;Pearl piercer;army of Arameans;;woman of Calabria;Prudentia;goose;rider
Atlas;Pax (Peace);St Anne;Ezekiel;St Maurice;Charles I, King of England;Peat digger;army of Ethiopians;;woman of Cologne;Reason;greyhound;saint
Battus;Picus;St Barnabas;Ezra;St Nicholas;Charles II;Plumber;army of Philistines;;woman of Franconia;Religion;gulls;sightseers
Boreas;Pluto;St Bartholemew;Gabriel;St Nicholas of Bari;Charles II of Spain;Printmaker;army of the Volsci;;woman of London;Rhetorica;hare;sister
Briareus three-headed king;Pomona;St Bartholomew;Gad, Patriarch of Israel;St Nicholas of Myra;Charles II, when Prince of Wales;Rope makers;king of Israel;;woman of Lower Palatinate;Rome;hawk;smokers
Briseis;Priapus;St Elisabeth;Gehazi;St Nicholas of MyraВ ;Charles III de Bourbon;Sail maker;kings of the Orient;;woman of Mainz;Sapientia;herd of sheep;son
Byblis;Proserpina;St Elizabeth;Gideon;St Nicholas of Tolentino;Charles IV;Scalemaker;knight of Malta;;woman of Nuremberg;Scientia (Knowledge);heron;spectators
Cacus;Prosperpina;St James the Great;Gideon's army;St Onuphrius;Charles IV, Duke of Lorraine;School master;;;woman of Prag;Sight;horse;spinster
Cadmus;Remus;St James the Less;Goliath;St Pepin I;Charles IX , King of Sweden;Ship builder;;;woman of Upper Austria;Silence;hounds;spouse
Caenis;Rhea;St Joachim;Habakkuk;St Peter Martyr;Charles Spinola;Sieve makers;;;woman of the Order;Sin;lamb;strangers
Calliope;Roman she-wolf;St John the Baptist;Hagar;St Philip Benizi of the Servites;Charles V;Silk maker;;;;Smelling;leopard;traveller
Callisto;Romulus;St John the Evangelist;Ham;St Prosper;Charles V of Lorraine;Silversmith;;;;Spring;lion;widow
Calydonian Boar;Sabine women;St Joseph;Haman;St Roch;Charles de Longueval;Skate maker;;;;Summer;lioness;woman
Calypso;Sabines;St Joseph of Arimathaea;Hirah;St Sebastian;Charles, Prince of Wales (Charles II);Stone sawyer;;;;Taste;livestock;
Cambyses;Saturn;St Jude Thaddeus;Holofernes;St Sepulchre;Christian, Margrave of Brandenburg-Bayreuth;Tanner;;;;Temperance;lizard;
Cassandra;Sol;St Longinus;Hur;St Simon of Trent;Christoph Guarinonius Fontanus;Tapestry maker;;;;Touching;locusts;
Cassiopeia;Spes (Hope);St Luke;Ibzan;St Sixtus;Christoph Harant;Tile maker;;;;Truth;mares;
Cephalus;Temperantia;St Mark;Isaac;St Stanislaus Kostka;Cipus;Tinsmith;;;;Vice;monkey;
Cepheus;Tiber;St Mary Magdalene;Isaiah;St Symphorian;Claude Deruet;Waggoner;;;;War;mountain goat;
Cerberus;Turnus;St Mathias;Ishmael;St Thais;Cloelia;Wagon builder;;;;Water;mountain lion;
Ceyx;Ulysses;St Matthew;Issachar, Patriarch of Israel;St Thomas Aquinas;Comte de Marsin, the Maréchal de Tallard;Wig maker;;;;Winter;mouse;
Chaos;Venus;St Matthias;Jabal;St Ursula;Conrad Celtis;Woodturner;;;;concupiscence;mule;
Charis;Vertumnus;St Michael;Jacob;St Valerian;Constantijn Huygens;Wool dresser;;;;humanity;ostrich;
Charon;Vestal Virgin Tuccia;St Paul;Jael;St William of Aquitaine;Constantine V;abbess;;;;impudence;otter;
Charybdis;Vestal Virgins;St Peter;Jair;StВ Margaret;Coriolanus;abbot;;;;patience;owl;
Chimaera;Victory;St Philip;Japeth;hermit Saint;Cornelis van Aken;accountant;;;;patient;ox;
Chione;Virtue;St Silas;Jehoiada;saints Catherine;Cornelius Gemma;acolytes;;;;;oxen;
Chiron;Virtus;St Simon;Jephtah;saints Francis;Corregio;acrobat;;;;;panther;
Chloris;Voluptas;St Stephen;Jephtah's daughter;;Cosimo I;actor;;;;;parrot;
Chronos;Vulcan;St Thomas;Jephthah;;Cosimo I de' Medici;almanac seller;;;;;peacock;
Ciconian men;companions of Romulus;St Veronica;Jephthah's daughter;;Cosimo II;ambassadors;;;;;pheasants;
Cimmerian Sibyl;daughter of King Nisus;Timor Dei (Fear of God);Jeremiah;;Cosimo de' Medici;angler;;;;;pig;
Circe;faun;Timotheus;Jeroboam's son;;Cossutia;apothecary;;;;;pigeon;
Circius;fauness;Virgin;Jesse;;Count Adolf van Nieuwenaar;apprentice;;;;;porcupine;
Cleitus;genius;Virgin Mary;Joab;;Count Ernst Rüdiger Starhemberg;archer;;;;;poultry;
Cleopatra;gryffin;Whore of Babylon;Joash;;Count Imre Tököly;architect;;;;;python;
Clio;king Evander;Zacchaeus;Job;;Count of Fuentes;armour-bearer;;;;;rabbit;
Clymene;queen of Carthage;Zacharias;Job's wife;;Croesus, king of Lydia;armourer;;;;;ram;
Clytemnestra;;angel;Jonah;;D. Junius Silanus;army leaders;;;;;rat;
Colossus of Rhodes;;apostle;Jonas;;Damião de Goes;army officers;;;;;raven;
Cornix;;baptised at Samaria;Joseph (Son of Jacob);;Damocles;artist;;;;;red squirrel;
Corona;;demon;Joseph brothers;;Daniel Barbaro;asparagus seller;;;;;rhino;
Coronis;;disciple;Joseph, the Patriarch of Israel;;Daniel Colwall;assistant;;;;;rooster;
Creusa;;prodigal son;Joshua;;Daniel Heinsius;astrologer;;;;;ruff;
Cybele;;thief;Jubal;;Daniel, Oliver Cromwell's porter;astronomer;;;;;scorpion;
Cyclop;;woman of Samaria;Judah, Patriarch of Israel;;Dante;attendant;;;;;seals;
Cyparissus;;woman of the Apocalypse;Judas Maccabeus;;Darius;author;;;;;serpent;
Dacia;;;Judith;;Darius I;bagpiper;;;;;she-goat;
Daedalion;;;King Abijam;;Darius II;baker;;;;;she-wolf;
Daedalus;;;King Ahab;;David Teniers the Younger;ballad sellers;;;;;sheep;
Danae;;;King Ahaz;;Desiderius Erasmus;bargeman;;;;;silkworm;
Daphne;;;King Ahaziah;;Dirck Volkertsz Coornhert;basket weaver;;;;;slug;
Daphnis;;;King Amaziah;;Doge Francesco Donato;beater;;;;;snails;
Deianeira;;;King Amon;;Don Juan de Austria;biscuit seller;;;;;snake;
Deianira;;;King Asa;;Dr James Usher;bishop;;;;;spider;
Deidamia;;;King David;;Duke of Burgundy, the Maréchal de Vauban;boatsmen;;;;;spider crab;
Dejanira;;;King Hezekiah;;Duke of Lorraine;book-dealers;;;;;stag;
Demagorgon;;;King Jehoahaz;;Duke of Norfolk;bookseller;;;;;stork;
Demogorgon;;;King Jehoiachim;;Duke of Savoy;boot-maker;;;;;swan;
Deucalion;;;King Jehoiachin;;Earl of Pembroke;bread-makers;;;;;swine;
Dido;;;King Jehoram;;Edward Fiennes de Clinton, 1st Earl of Lincoln;broom-maker;;;;;tiger;
Diomedes;;;King Jehoshaphat;;Edward I;builders;;;;;tigress;
Dioscuri;;;King Jeroboam;;Edward II;butcher;;;;;turtle;
Dirce;;;King Joash;;Edward III;captains;;;;;viper;
Dolios;;;King Josiah;;Edward IV;cardinal;;;;;vulture;
Dryope;;;King Jotham;;Edward Sackville, fourth earl of Dorset;carpenter;;;;;whale;
Elpenor;;;King Manasseh;;Edward V;cavalry;;;;;wild sow;
Envy;;;King Nebuchadnezzar;;Edward VI;chemist;;;;;wolf;
Eos;;;King Rehoboam;;Edward the Confessor;cherry seller;;;;;;
Erato;;;King Uzziah;;Elector Friedrich the Wise;chicken seller;;;;;;
Eridanus;;;King Zedekiah;;Eleonor Gonzaga;cleric;;;;;;
Erigone;;;Laban;;Eleonora Magdalen;cloth shearer;;;;;;
Eris;;;Lamech;;Elisabeth of Austria, Queen of Charles IX of France;clown;;;;;;
Erminia;;;Levi;;Elizabeth I;coachman;;;;;;
Eros;;;Lot;;Elizabeth of Bohemia;coal seller;;;;;;
Erysichthon;;;Loth;;Emperor Charles V;cobbler;;;;;;
Erythraea (or Babylonica);;;Malachias;;Emperor Charles V;contortionist;;;;;;
Eumaios;;;Manoah;;Emperor Commodus;cook;;;;;;
Europa;;;Mattathias;;Emperor Constantine;cooper;;;;;;
Europe;;;Melchizadek;;Emperor Justinian;cornet player;;;;;;
Euryalus;;;Melchizedek;;Emperor Leopold;costumer;;;;;;
Euryclea;;;Midianites;;Emperor Maximilian;councillor;;;;;;
Eurynome;;;Miriam;;Emperor Xuanzong of the Tang dynasty;count;;;;;;
Euterpe;;;Moabites;;Empress;countess;;;;;;
Faith;;;Moll;;Empress Helena;cowherd;;;;;;
Gaea;;;Mordecai;;Empress Matilda;crab seller;;;;;;
Galanthis;;;Moses;;Eulenspiegel;craftsmen;;;;;;
Galatea;;;Naamah;;Fadrique Álvarez de Toledo, 4th Duke of Alba;dealer;;;;;;
Ganymede;;;Nabal;;Father Felice;doctor;;;;;;
Geryon;;;Naomi;;Father Filippo de Rebaldis;draughtsman;;;;;;
Glaucus;;;Naphtali, Patriarch of Israel;;Fathers of the Church;drummer;;;;;;
Grace;;;Nathan;;Faustina the Younger;ecclesiastic leaders;;;;;;
Gunsmith;;;Nemrod;;Ferdinand of Bavaria;eel seller;;;;;;
Hades;;;Nimrod;;Ferdinand, Prince of Spain;emperor;;;;;;
Harmonillus;;;Ninevites;;Filippo Strozzi;entourage;;;;;;
Harpocrates;;;Noah;;Francesco Filetto;executioner;;;;;;
Hector;;;Obadiah;;Francis Bernard;farmer;;;;;;
Hecuba;;;Orpha;;Francis Glisson;fiddler;;;;;;
Helenus;;;Othniel;;Francis I;fish seller;;;;;;
Heliades;;;Ovid;;Francis Junius the Elder;fishwife;;;;;;
Helios;;;Philip of Macedon;;Frans Floris;flockseen;;;;;;
Hephaestus;;;Philistines;;Frans van den Wyngaerde;flute-player;;;;;;
Hera;;;Potiphar;;Frederick Henry, Prince of Orange;foot soldiers;;;;;;
Herakles;;;Potiphar's wife;;Frederick III of Saxony;foreman;;;;;;
Hermaphroditos;;;Queen of Sheba;;Fredericus Spanheim;fruit seller;;;;;;
Hermaphroditus;;;Rachab;;Friedrich IV of Bavaria, Elector Palatine;gardener;;;;;;
Hermes;;;Rachel;;Friedrich Ulrich, Duke of Brunswick;garzone;;;;;;
Hero;;;Raphael;;Friedrich Wilhelm;glaziers;;;;;;
Herse;;;Rebecca;;Gabriel Roelants;glue maker;;;;;;
Hesperia;;;Rebekah;;Gabriele Ciabrera;goldsmiths;;;;;;
Hesperides;;;Reuben;;Galba;grain hoarder;;;;;;
Hippodamia;;;Ruben, Patriarch of Israel;;Geminiano Caldarostaro;gravedigger;;;;;;
Hippolytus;;;Ruth;;Gemma Frisius;guard;;;;;;
Hippomenes;;;Sailor;;Georg Ettenhard;harlots;;;;;;
Hyacinth;;;Salmon;;Georg Friedrich, Margrave of Baden-Durlach;harp-player;;;;;;
Hydra;;;Samson;;Georg Pflug von Peterstein;harvesters;;;;;;
Hydra of Lerna;;;Samuel;;Georg Reichbrodt;hatter;;;;;;
Hygieia;;;Sara;;George Edwards;herdsman;;;;;;
Hymen;;;Sarah;;George Holmes;high priest;;;;;;
Icarus;;;Sarai;;George Manners;horn-blower;;;;;;
Ino;;;Saul;;George Villiers, 2nd Duke of Buckingham;hostess;;;;;;
Io;;;Saul (St Paul);;Gerrit Jansz. van Schooten;huntsman;;;;;;
Iole;;;Seth;;Gerrit de Jong;infantry;;;;;;
Iphigeneia;;;Shamgar;;Gian Giacomo Bartolotti;ink seller;;;;;;
Iphigenia;;;Shechem;;Gillis van Breen;innkeeper;;;;;;
Iphis;;;Shechemites;;Giovanni Baglione, as a Knight of Malta;jester;;;;;;
Iphsis;;;Shem;;Giovanni Battista Marino;judge;;;;;;
Ira;;;Shimei;;Giovanni Boccaccio;knife and scissor sharpener;;;;;;
Iris;;;Shunammite woman;;Giovanni Lorenzo Bernini;knight;;;;;;
Ithaca;;;Simeon;;Giovanni de' Medici;labourers;;;;;;
Itys;;;Siserra;;Godfrey of Bouillon;lancemen;;;;;;
Ixion;;;Solomon;;Gonzales de Córdoba;landsknechte;;;;;;
Jason;;;Susanna;;Gottfried-Heinrich;lawyer;;;;;;
King Coroneus of Phocis;;;Tabitha;;Gregorio XIV;leader of the Swiss;;;;;;
King Lyncus;;;Tamar;;Griedt Scuiers;locksmiths;;;;;;
King Midas;;;Tobias;;Griet Ians;lute player;;;;;;
Laertes;;;Tobit;;Griet Luiten;mackerel seller;;;;;;
Laestrygones;;;Tubalcain;;Guercino;magistrate;;;;;;
Lampetia;;;Uriah;;Guillaume Ancel, French ambassador in Prague;maiden;;;;;;
Laokoon;;;Uriel;;Hannibal;manager;;;;;;
Lapiths;;;Zadok the priest;;Hans (John) Wormbergh;marquess;;;;;;
Leander;;;Zebulun;;Hans Bol;master;;;;;;
Leucothoe;;;Zecharaiah;;Hans De Ries;match seller;;;;;;
Lycaon;;;Zillah;;Hans Holbein;mathematicians;;;;;;
Lycomedes;;;Zophar;;Hans Holbein the Younger;messenger;;;;;;
Marsyas;;;archangel;;Hans Sloane;metalworkers;;;;;;
Medea;;;cherub;;Hans von Aachen;midwife;;;;;;
Medusa;;;four horsemen of the Apocalypse;;Hans von Zürich;military door guard;;;;;;
Meleager;;;general Holophernes;;Harboldius van Tombergen;military leader;;;;;;
Melpomene;;;prophet Daniel;;Harlequin;milkmaid;;;;;;
Menelaus;;;prophet Elias (Elijah);;Heinrich Aldegrever;miller;;;;;;
Merchant;;;prophet Joel;;Helena Fourment;miner;;;;;;
Mestra;;;sons of Phorcus;;Hendrick van der Borcht the Younger;ministers;;;;;;
Minos;;;widow from Zarephath;;Hendrik van der Borcht the Elder;money changers;;;;;;
Minotaur;;;widow's son;;Henri II d'Orléans-Longueville;monk;;;;;;
Mopsus;;;;;Henri II de Lorraine, Duke of Guise;mop seller;;;;;;
Morpheus;;;;;Henri IV;mourners;;;;;;
Musica;;;;;Henrietta Maria;muleteer;;;;;;
Narcissus;;;;;Henry Fox;musician;;;;;;
Nemean lion;;;;;Henry Frederick, Prince of Wales;notary;;;;;;
Neoptolemus;;;;;Henry I;nurse;;;;;;
Nessus;;;;;Henry II;officer;;;;;;
Nestor;;;;;Henry III;official;;;;;;
Nile;;;;;Henry IV;onion seller;;;;;;
Ninus of Niniveh;;;;;Henry Stuart, Lord Darnley;oracle;;;;;;
Niobe;;;;;Henry V;organist;;;;;;
Niobids;;;;;Henry VI;oyster seller;;;;;;
Oceanus;;;;;Henry VII;page;;;;;;
Odysseus;;;;;Henry VIII;painter;;;;;;
Odysseus' crew;;;;;Henry the 2d surnamed Shortmantle King of England;paper seller;;;;;;
Olympian gods;;;;;Henry the III King of England;pedlar;;;;;;
Omphale;;;;;Henry the VI;philosopher;;;;;;
Opinio;;;;;Hibbaeus Magnus;pikeman;;;;;;
Oreithyia;;;;;Hippocrates;pin seller;;;;;;
Orion;;;;;Holy Roman Emperor;pin-makers;;;;;;
Orithyia;;;;;Holy Roman Emperor Leopold I;piper;;;;;;
Orpheus;;;;;Holy Roman Empress, Anna of Tyrol;poet;;;;;;
Pallas;;;;;Horatius Cocles;porter;;;;;;
Pan;;;;;Hugh of Avranches;poulterer;;;;;;
Pandora;;;;;Hugo Grotius;preacher;;;;;;
Paris;;;;;Ian Schuners;priest;;;;;;
Pasiphaë;;;;;Ian Vereke;proconsul;;;;;;
Passerbyes;;;;;Innocent IX;procuress;;;;;;
Patroclus;;;;;Iohn Diodati;prostitutes;;;;;;
Peleus;;;;;Isabella d'Este;rabbit seller;;;;;;
Penelope;;;;;Isabella of Portugal;retinue;;;;;;
Peneus;;;;;Isabella, Archduchess of Austria;rope seller;;;;;;
Pentheus;;;;;Jacob Roelants;saddler;;;;;;
Perimele;;;;;Jacobus Laurentius;scholar-official;;;;;;
Perseus;;;;;Jacobus Maestertius;scholars;;;;;;
Phaethon;;;;;Jacobus Strada;scouts;;;;;;
Phaeton;;;;;Jacques;scribe;;;;;;
Phaeton's sisters;;;;;Jacques Barrelier;sculptor;;;;;;
Phineus;;;;;James I;secretary;;;;;;
Phoebus;;;;;James II;seller of fireplace tools;;;;;;
Phoenix;;;;;James III;seller of hot baked apples;;;;;;
Pierides;;;;;James Poro;seller of musical instruments;;;;;;
Pierus;;;;;James Stanier;seller of pastries;;;;;;
Polydorus;;;;;James V;seller of small household goods;;;;;;
Polyhymnia;;;;;James VI;seller of socks;;;;;;
Polymestor;;;;;Jan Pietersz Sweelinck;sellers;;;;;;
Polyphemus;;;;;Jan van Broeckhoven;senators;;;;;;
Polyxena;;;;;Jan van Malderus;servant;;;;;;
Poseidon;;;;;Jaques Joosten;shepherd;;;;;;
Priapus;;;;;Jean Baptiste Gault, Bishop of Marseille;shepherd Corydon;;;;;;
Procne;;;;;Jean Misaubin;shepherdess;;;;;;
Procris;;;;;Jean de Beck;sibyl;;;;;;
Prometheus;;;;;Jean-Baptist Houwaert;sinners;;;;;;
Psyche;;;;;Jean-Jacques Sault, bishop of Dax;slave;;;;;;
Ptolemy;;;;;Johann Friedrich, elector of Saxony;soldier;;;;;;
Pygamalion;;;;;Johann Gottfried von Aschhausen, Bishop of Bamberg and Würzburg;song-sheet seller;;;;;;
Pygmalion;;;;;Johann Jakob Scheuchzer;spinner;;;;;;
Pyramus;;;;;Johannes Hallius;sportsman;;;;;;
Pyrrha;;;;;Johannes Polyander van Kerckhoven;stable-man;;;;;;
Pythius;;;;;John Barefoot;stone marker;;;;;;
Queen Arete;;;;;John Gonson;stonemason;;;;;;
Rhadamanthys;;;;;John III Sobieski, King of Poland and Grand Duke of Lithuania;strawberry seller;;;;;;
Rhea;;;;;John Locke;street seller;;;;;;
Salmacis;;;;;John Pym;street trader;;;;;;
Scylla;;;;;John Selden;surveyors;;;;;;
Semele;;;;;John Smith;sutler;;;;;;
Silenus;;;;;John Spottiswood, Archbishop of St Andrews;swineherd;;;;;;
Sisyphus;;;;;John Taylor;tailors;;;;;;
Sostratus;;;;;John Tradescant the elder;taskmasters;;;;;;
Stellio;;;;;John Tradescant the younger;tax collector;;;;;;
Stratonice;;;;;John Williams, Archbishop of York;toy seller;;;;;;
Styx;;;;;John de Gavarelle;trader;;;;;;
Syphax;;;;;John of Nassau the elder;trumpeter;;;;;;
Syrinx;;;;;Joshua Ward;turner;;;;;;
Tantalus;;;;;Josina Hamels;undertaker;;;;;;
Telemachos;;;;;Julius Caesar;valet;;;;;;
Telemachus;;;;;Julius II;vinegar seller;;;;;;
Telephos;;;;;Junius Juvenal;viscount;;;;;;
Telethusa;;;;;Justus Lipsius;waitress;;;;;;
Tereus;;;;;Karl I Ludwig;warder;;;;;;
Terpischore;;;;;Kenelm Digby;warrior;;;;;;
Terpsichore;;;;;Khufu;weaver;;;;;;
Tethys;;;;;King Charles I;wet-nurse;;;;;;
Thalia;;;;;King Charles IX;wharf workers;;;;;;
Theseus;;;;;King Charles X of Sweden;workman;;;;;;
Thetis;;;;;King Dyer;writer;;;;;;
Thisbe;;;;;King Ferdinand II;writing ink seller;;;;;;
Tiresias;;;;;King Henri II;;;;;;;
Tityos;;;;;King Henry VIII;;;;;;;
Tityrus;;;;;King John;;;;;;;
Tityus;;;;;King Latinus;;;;;;;
Tmolus;;;;;King Mausolus;;;;;;;
Triptolemus;;;;;King Nebuchadnezzar II;;;;;;;
UIlysses;;;;;King Ptolemy;;;;;;;
Urania;;;;;L. Torquatus;;;;;;;
Zephyrus;;;;;Laevinus Torrentius;;;;;;;
Zeus;;;;;Lars Porsena;;;;;;;
bacchante;;;;;Laura de' Dianti;;;;;;;
centaur;;;;;Leo IV;;;;;;;
daughter of Antiphates, King of the Laestrygones;;;;;Leonard Plukenet;;;;;;;
dragon Ladon;;;;;Leopold I;;;;;;;
echnida;;;;;Leopold Wilhelm;;;;;;;
faun;;;;;Li Bai;;;;;;;
fauness;;;;;Li Mi;;;;;;;
gallant;;;;;Lothar von Metternich, Archbishop and Elector of Trier;;;;;;;
gryffin;;;;;Louis XIII;;;;;;;
harpy;;;;;Louis XIV;;;;;;;
hippocampus;;;;;Louis de Lorraine prince de Phalsbourg;;;;;;;
ichthyocentaurs;;;;;Louis de Lorraine, Duke of Joyeuse;;;;;;;
king Evander;;;;;Louis de Marillac, Marshal of France;;;;;;;
lion-headed sea-god Proteus;;;;;Louisa Juliana of Nassau;;;;;;;
lotus-eaters;;;;;Louise Françoise, Duchess de la Vallière;;;;;;;
maenads;;;;;Louise de Lorraine, Queen of Henri III of France;;;;;;;
myrmidons;;;;;Louise-Marie Seguier;;;;;;;
nereid;;;;;Lucius Brutus;;;;;;;
queen from the Greek;;;;;Lucretius;;;;;;;
river god;;;;;Maarten de Vos;;;;;;;
river god Numicus;;;;;Manius Curius Dentatus;;;;;;;
river goddess;;;;;Mantegna;;;;;;;
satyr;;;;;Marcellius;;;;;;;
satyress;;;;;Marco Antonio de Dominis;;;;;;;
siren;;;;;Marcus Aurelius;;;;;;;
triton;;;;;Marcus Furius Camillus;;;;;;;
tritoness;;;;;Marcus Gheeraerts;;;;;;;
;;;;;Marguerite Queen of Navarre;;;;;;;
;;;;;Marie de Médicis;;;;;;;
;;;;;Marquard Freher;;;;;;;
;;;;;Marquis d'Effiat;;;;;;;
;;;;;Martin Luther;;;;;;;
;;;;;Mary I;;;;;;;
;;;;;Mary of Modena;;;;;;;
;;;;;Matthew Wren, Bishop of Ely;;;;;;;
;;;;;Matthias I, Holy Roman Emperor;;;;;;;
;;;;;Maurice, Landgrave of Hesse-Cassel;;;;;;;
;;;;;Maurice, Prince of Orange;;;;;;;
;;;;;Maximilian I, Elector of Bavaria;;;;;;;
;;;;;Maximilian II Emanuel, duke of Bavaria;;;;;;;
;;;;;Maximilian, Holy Roman Emperor;;;;;;;
;;;;;Melchior Klesel, archbishop of Vienna;;;;;;;
;;;;;Michelangelo;;;;;;;
;;;;;Moll Hackabout;;;;;;;
;;;;;Mucius Scaevola;;;;;;;
;;;;;Nebuchadnezzar;;;;;;;
;;;;;Nebuchadnezzar II;;;;;;;
;;;;;Nicolas Potier de Novion;;;;;;;
;;;;;Nicolaus Petri van Deventer;;;;;;;
;;;;;Nicole de Lorraine;;;;;;;
;;;;;Nicolo da Ponte, Doge of Venice;;;;;;;
;;;;;Oliver Cromwell;;;;;;;
;;;;;Otto Henry, Count of Schwarzenberg;;;;;;;
;;;;;Patrick Lyon, first Earl of Strathmore;;;;;;;
;;;;;Paulus Merula;;;;;;;
;;;;;Peter Paul Rubens;;;;;;;
;;;;;Philip Howard, first earl of Arundel and Surrey;;;;;;;
;;;;;Philip Sidney;;;;;;;
;;;;;Philipp Melanchthon;;;;;;;
;;;;;Philipp, Count of Oettingen;;;;;;;
;;;;;Philippus Nutius;;;;;;;
;;;;;Philips William, Prince of Orange;;;;;;;
;;;;;Piero Strozzi;;;;;;;
;;;;;Pierre L'Ermite;;;;;;;
;;;;;Pierre de La Ramée;;;;;;;
;;;;;Pieter Breughel the Younger;;;;;;;
;;;;;Pieter Bruegel;;;;;;;
;;;;;Pieter van Foreest;;;;;;;
;;;;;Pietro Aretino;;;;;;;
;;;;;Pietro Francavilla;;;;;;;
;;;;;Pietro Vettori;;;;;;;
;;;;;Pietro da Cortona;;;;;;;
;;;;;Plato;;;;;;;
;;;;;Plutarch;;;;;;;
;;;;;Poet Virgil;;;;;;;
;;;;;Pope;;;;;;;
;;;;;Pope Alexander VII;;;;;;;
;;;;;Pope Clement VII;;;;;;;
;;;;;Pope Honorius III;;;;;;;
;;;;;Pope Innocent IX;;;;;;;
;;;;;Pope Innocent X;;;;;;;
;;;;;Pope Pius V;;;;;;;
;;;;;Pope Sixtus V;;;;;;;
;;;;;Prester John, King of Ethiopia;;;;;;;
;;;;;Prince Edward;;;;;;;
;;;;;Prince Henry the eight, King of England;;;;;;;
;;;;;Prince Henry the seaventh;;;;;;;
;;;;;Prince Maximillian of Bavaria;;;;;;;
;;;;;Priscus;;;;;;;
;;;;;Queen Anne;;;;;;;
;;;;;Queen Christina of Sweden;;;;;;;
;;;;;Ranuccio II Farnese;;;;;;;
;;;;;René II;;;;;;;
;;;;;Richard Bernard;;;;;;;
;;;;;Richard Grafton;;;;;;;
;;;;;Richard I;;;;;;;
;;;;;Richard II;;;;;;;
;;;;;Richard III;;;;;;;
;;;;;Richard Rock;;;;;;;
;;;;;Richard the 2 King of England;;;;;;;
;;;;;Roger L'Estrange;;;;;;;
;;;;;Roman Emperor;;;;;;;
;;;;;Roman consul Regulus;;;;;;;
;;;;;Roman emperor Domitian;;;;;;;
;;;;;Roman pro-consul Sergius Paulus;;;;;;;
;;;;;Sarah Mapp;;;;;;;
;;;;;Sarah, Lady Garrard;;;;;;;
;;;;;Saskia van Uylenburgh;;;;;;;
;;;;;Scipio;;;;;;;
;;;;;Scipio Africanus;;;;;;;
;;;;;Seneca;;;;;;;
;;;;;Sennacherib;;;;;;;
;;;;;Sextus Tarquinius;;;;;;;
;;;;;Silvanus Morgan;;;;;;;
;;;;;Sir Cloudesley Shovel;;;;;;;
;;;;;Sir Dudley Carleton;;;;;;;
;;;;;Sir George Croke;;;;;;;
;;;;;Sir Henry Guildford;;;;;;;
;;;;;Sir Isaac Newton;;;;;;;
;;;;;Sir John Chamber;;;;;;;
;;;;;Sir Marmaduke Constable;;;;;;;
;;;;;Sir Richard Hutton;;;;;;;
;;;;;Sir Thomas Smith;;;;;;;
;;;;;Sixtus V;;;;;;;
;;;;;Sophocles;;;;;;;
;;;;;Sophonisba;;;;;;;
;;;;;Stefano della Bella;;;;;;;
;;;;;Steven Blankaert, Dutch physician;;;;;;;
;;;;;Tancred;;;;;;;
;;;;;Tarquin;;;;;;;
;;;;;Tarquinius;;;;;;;
;;;;;Tarquinius Priscus;;;;;;;
;;;;;The great Shun;;;;;;;
;;;;;The right noble Prince Edward the 4th King of England;;;;;;;
;;;;;The right noble Prince Henry the 4th King of England;;;;;;;
;;;;;The right valiant Prince Richard surnamed Coeur-de-Lion King of England;;;;;;;
;;;;;Thomas Bodley;;;;;;;
;;;;;Thomas Chaloner;;;;;;;
;;;;;Thomas Flatman;;;;;;;
;;;;;Thomas Howard, 14th Earl of Arundel;;;;;;;
;;;;;Thomas Howard, Earl of Arundel;;;;;;;
;;;;;Thomas Morton, Bishop of Durham;;;;;;;
;;;;;Thomas Osborne, Duke of Leeds;;;;;;;
;;;;;Thomas Tresham;;;;;;;
;;;;;Thomas Wentwordt;;;;;;;
;;;;;Théodore de Bèze;;;;;;;
;;;;;Tiberius Gracchus;;;;;;;
;;;;;Titian;;;;;;;
;;;;;Tristan de Rostaing;;;;;;;
;;;;;Ulisse Aldrovandi;;;;;;;
;;;;;Umbricius;;;;;;;
;;;;;Vincent Stochove;;;;;;;
;;;;;Vincenz Muschinger, council to Rudolph II;;;;;;;
;;;;;Vincenzo Giustiniani;;;;;;;
;;;;;Violante, daughter of Palma Vecchio;;;;;;;
;;;;;Virgil;;;;;;;
;;;;;Volumnia;;;;;;;
;;;;;Wang Zhi;;;;;;;
;;;;;Wenceslaus Hollar;;;;;;;
;;;;;Willem Hessels van Est;;;;;;;
;;;;;William Ashhurst;;;;;;;
;;;;;William Brouncker;;;;;;;
;;;;;William Holder;;;;;;;
;;;;;William I;;;;;;;
;;;;;William I (The Silent), Prince of Orange;;;;;;;
;;;;;William II;;;;;;;
;;;;;William Laud;;;;;;;
;;;;;William Salmon;;;;;;;
;;;;;Yang Guifei;;;;;;;
;;;;;bawd (Mother Needham);;;;;;;
;;;;;bishop Melchior Pyrnesius de Pyrn;;;;;;;
;;;;;count de la Tour et Tassis;;;;;;;
;;;;;countess de la Tour et Tassis;;;;;;;
;;;;;de Tour et Tassis;;;;;;;
;;;;;emperor Mathias;;;;;;;
;;;;;emperor Matthias;;;;;;;
;;;;;general Nicanor;;;;;;;
;;;;;high priest Ruben;;;;;;;
;;;;;king Edmund;;;;;;;
;;;;;navigator Francis Drake;;;;;;;
;;;;;orator Giovanni Pietro Maffei;;;;;;;
;;;;;physician William Cole;;;;;;;
;;;;;preacher Jacobus Chimarrhaeus;;;;;;;
;;;;;wyf van Iacob van Leyden;;;;;;;
